{
  "providers": {
    "awscloudformation": {
      "AuthRoleName": "amplify-goodneighbors-dev-f8faa-authRole",
      "UnauthRoleArn": "arn:aws:iam::637423470341:role/amplify-goodneighbors-dev-f8faa-unauthRole",
      "AuthRoleArn": "arn:aws:iam::637423470341:role/amplify-goodneighbors-dev-f8faa-authRole",
      "Region": "us-east-1",
      "DeploymentBucketName": "amplify-goodneighbors-dev-f8faa-deployment",
      "UnauthRoleName": "amplify-goodneighbors-dev-f8faa-unauthRole",
      "StackName": "amplify-goodneighbors-dev-f8faa",
      "StackId": "arn:aws:cloudformation:us-east-1:637423470341:stack/amplify-goodneighbors-dev-f8faa/10542080-f15f-11ee-af58-12305f431e79",
      "AmplifyAppId": "dx72kn7mmtq7p"
    }
  },
  "auth": {
    "goodneighborsbc6d1ce6": {
      "service": "Cognito",
      "providerPlugin": "awscloudformation",
      "dependsOn": [],
      "customAuth": false,
      "frontendAuthConfig": {
        "socialProviders": [],
        "usernameAttributes": [],
        "signupAttributes": [
          "EMAIL"
        ],
        "passwordProtectionSettings": {
          "passwordPolicyMinLength": 8,
          "passwordPolicyCharacters": []
        },
        "mfaConfiguration": "OFF",
        "mfaTypes": [
          "SMS"
        ],
        "verificationMechanisms": [
          "EMAIL"
        ]
      },
      "providerMetadata": {
        "s3TemplateURL": "https://s3.amazonaws.com/amplify-goodneighbors-dev-f8faa-deployment/amplify-cfn-templates/auth/goodneighborsbc6d1ce6-cloudformation-template.json",
        "logicalId": "authgoodneighborsbc6d1ce6"
      },
      "lastPushTimeStamp": "2024-04-07T17:01:36.478Z",
      "output": {
        "UserPoolId": "us-east-1_r68pr73yI",
        "AppClientIDWeb": "2f0ccl4kscs0bosic155mvaaln",
        "AppClientID": "fmv5r3nooavv21neg0694blol",
        "IdentityPoolId": "us-east-1:56aeb2c7-3247-4454-9557-8e26503b93a6",
        "UserPoolArn": "arn:aws:cognito-idp:us-east-1:637423470341:userpool/us-east-1_r68pr73yI",
        "IdentityPoolName": "goodneighborsbc6d1ce6_identitypool_bc6d1ce6__dev",
        "UserPoolName": "goodneighborsbc6d1ce6_userpool_bc6d1ce6"
      },
      "lastPushDirHash": "jmHPJEw2DoF5+RaPI2ZTMQVAPA0="
    }
  },
  "storage": {
    "s33a6fabff": {
      "service": "S3",
      "providerPlugin": "awscloudformation",
      "dependsOn": [],
      "lastPushTimeStamp": "2024-04-07T17:01:37.138Z",
      "providerMetadata": {
        "s3TemplateURL": "https://s3.amazonaws.com/amplify-goodneighbors-dev-f8faa-deployment/amplify-cfn-templates/storage/cloudformation-template.json",
        "logicalId": "storages33a6fabff"
      },
      "output": {
        "BucketName": "goodneighborsmainbucketf8faa-dev",
        "Region": "us-east-1"
      },
      "lastPushDirHash": "Kjf0ckpXEbs1cxd1SrmbCIdtyWs="
    }
  }
}